IR 1,IR 2,IR 3,IR 4,IR 5,IR 6,IR 7,IR 8,IR 9,IR 10,gerakan
2,0,5,1,44,0,262,118,0,85,0
5,14,14,49,304,200,110,0,0,64,0
3,6,13,1,66,108,293,146,0,6,0
1,4,16,3,48,0,27,0,144,4,0
3,4,16,1,156,173,323,57,0,1,0
4,1,14,2,48,0,21,0,142,2,0
0,0,6,1,48,0,31,58,140,3,0
0,0,12,0,43,0,284,138,131,293,0
13,1,15,1,61,0,34,52,126,16,0
5,4,11,1,54,0,33,32,142,4,0
4,7,14,6,320,193,272,0,0,2,0
0,0,2,0,35,0,18,0,128,289,0
4,5,17,9,304,192,127,0,0,4,0
10,5,16,9,58,0,288,161,195,206,0
0,6,17,0,50,0,61,137,25,3,0
0,0,7,0,42,0,22,0,240,292,0
2,3,16,0,55,28,192,138,0,2,0
1,5,16,9,60,10,289,144,176,213,0
5,0,12,2,45,0,22,0,122,33,0
7,3,13,3,58,0,217,141,0,0,0
5,5,16,13,288,186,181,0,0,2,0
0,3,6,0,48,0,272,113,114,198,0
6,2,16,2,59,0,88,166,6,6,0
5,12,18,64,304,203,110,0,0,202,0
13,3,16,14,317,194,214,0,0,7,0
9,2,16,2,54,0,34,0,175,22,0
4,6,20,11,290,191,105,0,0,3,0
0,0,11,0,43,0,146,155,242,316,0
7,3,14,2,51,0,35,6,171,11,0
9,2,16,2,56,0,36,65,106,6,0
2,7,16,0,50,0,27,13,151,7,0
3,3,16,5,53,31,197,149,0,3,0
2,5,18,0,54,0,270,147,195,201,0
5,11,18,1,50,0,56,126,171,16,0
0,0,10,0,41,0,27,14,250,306,0
5,6,14,0,51,0,36,11,149,9,0
3,3,16,2,53,9,128,144,0,9,0
7,13,17,1,64,20,297,117,132,201,0
1,1,16,0,46,0,30,0,143,9,0
2,3,17,14,304,186,114,0,0,7,0
1,4,17,0,47,0,34,0,138,18,0
5,10,16,0,48,0,27,0,193,48,0
11,2,16,16,309,181,173,0,0,0,0
6,7,14,2,115,168,242,0,0,2,0
3,11,12,0,49,0,26,64,105,9,0
10,3,16,7,77,26,286,115,151,213,0
0,0,0,0,43,0,16,0,213,261,0
2,3,11,0,47,0,35,0,147,109,0
16,4,15,3,55,0,25,3,230,10,0
4,4,16,5,297,192,314,160,58,0,0
1,6,18,2,57,0,266,146,191,217,0
0,0,4,2,37,0,16,0,255,272,0
0,3,16,1,48,0,41,83,169,27,0
0,0,7,0,39,0,34,115,236,288,0
0,0,13,10,154,169,339,170,3,3,0
8,3,15,7,59,0,239,150,197,208,0
0,1,0,0,41,0,19,0,143,116,0
1,3,9,0,82,122,170,139,128,3,0
9,3,15,3,51,0,161,159,192,170,0
0,0,7,0,35,0,26,0,249,247,0
5,7,12,9,310,195,290,57,0,0,0
3,5,16,6,48,0,48,136,181,35,0
0,0,11,0,46,0,27,45,227,281,0
12,2,12,16,316,178,304,118,0,0,0
0,0,0,0,24,0,0,0,118,102,0
0,0,7,0,39,0,21,0,233,240,0
0,1,7,0,47,0,210,144,208,155,0
5,2,12,3,107,144,294,147,0,0,0
1,3,17,7,52,0,257,144,190,176,0
0,0,2,0,45,0,16,0,246,267,0
8,1,15,1,50,0,32,0,134,78,0
2,6,16,11,51,0,95,146,183,43,0
4,2,11,1,48,0,22,0,147,15,0
3,7,23,2,56,0,279,153,193,204,0
0,0,13,0,45,0,22,2,235,257,0
3,4,13,0,55,0,39,130,5,0,0
7,2,14,16,161,132,252,2,0,187,0
0,0,0,0,22,0,15,0,121,87,0
0,2,16,0,46,0,29,0,139,13,0
9,3,15,6,48,0,34,26,131,7,0
3,2,11,15,305,192,199,0,0,0,0
2,6,16,0,49,0,43,64,125,9,0
1,5,11,1,49,15,274,125,0,2,0
0,0,5,0,36,0,16,0,264,285,0
10,2,17,75,309,196,128,0,0,156,0
2,3,14,4,51,0,39,119,11,1,0
0,0,7,0,43,0,184,146,211,176,0
5,14,14,4,56,0,177,149,189,45,0
0,2,16,0,48,0,49,112,0,1,0
3,7,18,1,51,0,267,144,189,155,0
0,1,16,0,48,0,19,0,144,9,0
10,15,18,3,49,0,37,31,154,15,0
12,4,16,16,298,198,347,95,0,6,0
3,4,17,10,79,30,282,102,115,206,0
0,1,70,165,69,16,16,0,137,116,0
6,5,16,16,280,198,324,170,135,3,0
0,0,0,0,34,0,16,0,250,260,0
7,5,16,19,311,192,308,123,0,3,0
3,6,18,16,316,199,309,159,27,4,0
14,9,16,11,256,190,324,171,129,4,0
9,5,14,5,59,36,83,64,176,25,0
0,0,1,0,42,0,26,126,246,210,0
13,0,16,5,61,0,278,110,4,149,0
0,0,11,0,46,0,294,145,0,5,0
5,9,19,22,312,173,304,102,12,5,0
7,13,16,6,215,191,320,154,155,6,0
9,11,13,3,67,81,72,45,171,48,0
0,0,1,0,36,0,18,0,179,154,0
3,0,7,0,48,0,19,0,211,232,0
9,4,15,18,316,176,201,41,0,4,0
16,7,15,11,107,166,286,0,0,11,0
10,6,16,19,309,202,290,131,0,9,0
11,4,16,9,160,173,329,174,149,3,0
0,0,2,0,56,5,318,128,0,0,0
0,0,5,0,38,0,25,0,281,338,0
10,12,16,9,174,165,195,86,169,32,0
6,10,19,5,51,0,33,0,135,201,0
10,16,12,1,53,0,48,138,206,237,0
16,16,18,9,59,1,28,0,144,16,0
0,0,4,22,304,192,275,126,0,0,0
0,0,5,0,37,0,23,0,199,227,0
0,0,7,140,166,30,22,0,133,30,0
0,0,4,0,45,0,283,223,68,16,0
13,16,27,10,63,12,128,113,0,4,0
0,0,2,9,285,143,267,110,0,0,0
16,15,25,180,295,55,290,116,9,10,0
0,0,11,0,38,0,24,0,279,288,0
0,0,0,1,299,191,259,130,144,0,0
0,0,11,198,91,52,28,32,149,9,0
0,0,5,130,181,6,16,0,123,100,0
14,11,17,16,301,207,336,173,146,16,0
0,0,13,182,62,10,18,0,135,48,0
2,6,14,13,48,0,48,135,228,256,0
15,13,21,15,176,183,330,176,171,14,0
10,16,18,16,322,208,320,170,25,4,0
16,13,22,16,298,198,310,162,7,10,0
0,1,18,4,51,0,225,144,108,221,0
13,14,27,43,330,190,310,150,86,14,0
1,5,14,13,289,189,321,176,53,0,0
0,0,10,0,41,0,273,163,0,0,0
0,6,23,54,298,147,48,14,171,85,0
13,6,16,11,130,131,57,48,158,38,0
0,4,12,149,203,46,23,0,144,176,0
12,9,16,5,64,17,34,2,144,142,0
0,0,7,3,41,0,23,15,241,272,0
10,16,16,16,320,208,315,149,18,6,0
0,1,12,2,41,0,94,162,218,283,0
6,16,18,57,195,149,272,117,173,167,0
7,16,16,13,318,206,315,152,128,2,0
9,10,15,4,97,144,97,78,165,18,0
5,3,16,3,62,0,157,126,112,14,0
5,14,16,6,230,187,256,129,158,16,0
4,11,16,12,316,208,313,146,153,5,0
0,1,10,0,48,0,252,147,245,294,0
3,7,19,3,54,0,267,144,165,10,0
7,13,16,29,317,155,256,64,0,16,0
1,10,9,2,102,109,288,27,0,10,0
2,6,19,1,53,0,48,97,112,11,0
3,0,10,1,64,16,283,129,212,290,0
11,4,16,16,313,201,322,174,162,13,0
12,5,16,13,47,0,38,126,6,14,0
11,6,16,18,323,204,313,155,128,5,0
13,16,17,14,61,0,46,143,0,16,0
4,0,12,35,318,201,186,118,161,7,0
0,0,0,0,37,0,16,0,131,109,0
7,14,16,16,320,210,303,150,86,5,0
6,3,16,163,216,98,35,13,161,112,0
0,0,5,0,37,0,21,0,272,274,0
0,0,0,0,41,0,27,0,315,314,0
10,7,17,14,289,192,298,112,163,31,0
13,5,16,54,316,157,310,154,91,3,0
2,7,19,9,85,130,50,1,144,179,0
0,4,20,2,128,180,202,0,0,11,0
5,10,16,6,181,179,323,150,171,16,0
0,0,6,11,195,157,222,0,0,0,0
6,11,17,6,192,176,176,96,169,16,0
6,9,14,5,123,144,61,43,173,48,0
0,1,16,2,43,0,38,0,167,14,0
2,6,16,208,104,51,30,9,166,45,0
7,12,16,27,325,187,305,134,63,9,0
7,3,16,13,47,0,109,145,0,4,0
1,0,16,118,242,53,30,0,151,141,0
0,0,3,0,47,0,304,165,215,291,0
4,6,17,15,310,206,311,144,144,9,0
10,6,16,20,321,182,322,149,6,0,0
5,10,9,2,51,0,278,149,189,233,0
0,0,1,0,40,0,16,0,227,240,0
0,0,6,0,43,0,43,124,233,275,0
11,6,13,2,52,0,25,0,174,16,0
15,17,17,9,52,2,34,16,131,17,0
13,16,29,15,63,5,115,144,0,17,0
10,20,16,6,60,6,143,187,0,27,0
16,11,18,11,57,0,34,0,191,16,0
15,14,22,14,64,0,70,144,1,11,0
14,13,23,15,64,0,39,22,135,14,0
12,14,22,16,55,0,34,5,178,16,0
12,15,29,19,57,1,128,139,0,16,0
16,6,16,7,60,0,44,199,0,16,0
16,18,19,11,58,2,33,2,196,43,0
16,13,22,16,61,7,80,145,0,21,0
1,3,18,6,47,0,36,0,167,22,0
13,16,21,13,69,3,71,155,0,16,0
10,12,23,17,56,0,44,144,5,16,0
13,16,26,15,60,3,51,137,0,16,0
16,10,19,11,61,0,41,112,14,12,0
16,10,17,16,68,3,162,112,0,0,0
13,16,26,12,62,0,37,0,173,19,0
10,14,24,16,60,0,36,9,167,16,0
12,14,24,17,54,0,51,151,0,13,0
10,11,16,0,48,0,35,0,181,18,0
5,11,27,2,48,0,43,0,150,26,0
16,8,16,7,63,3,155,128,0,13,0
16,17,19,14,61,0,35,0,187,15,0
11,16,12,5,49,0,28,0,142,105,0
14,15,16,7,55,0,62,147,0,14,0
15,12,27,16,113,177,270,0,0,18,0
1,6,15,0,47,0,22,0,162,19,0
11,14,27,10,54,0,48,144,0,11,0
11,16,19,14,61,5,183,127,0,16,0
12,13,33,14,123,185,258,0,0,12,0
23,14,24,22,64,5,205,142,2,10,0
15,16,21,10,62,0,34,29,101,19,0
16,13,23,14,64,5,51,160,0,18,0
13,15,27,6,53,0,36,2,179,16,0
18,14,17,12,66,0,54,191,0,15,0
16,17,22,12,63,2,32,1,191,13,0
14,14,29,16,286,213,125,0,0,21,0
16,11,19,15,63,0,39,109,21,10,0
16,11,15,7,51,0,31,0,171,225,0
10,12,9,1,47,0,23,0,147,16,0
14,16,19,15,63,0,46,146,0,12,0
11,14,26,12,50,0,36,5,166,129,0
11,15,39,13,114,192,155,0,0,30,0
1,2,10,0,37,0,27,0,113,16,0
11,16,23,11,55,0,48,16,144,17,0
3,10,28,6,147,190,161,0,0,17,0
16,13,21,15,64,0,39,114,15,11,0
14,16,19,13,58,0,63,151,0,14,0
12,11,21,15,49,0,36,0,102,207,0
13,10,16,10,57,0,31,0,182,17,0
12,14,30,13,58,0,160,144,0,12,0
3,9,21,16,114,176,208,0,0,10,0
7,10,26,10,64,0,43,129,1,16,0
10,10,21,11,54,0,31,0,166,100,0
12,12,28,11,54,0,53,145,0,16,0
9,13,26,10,51,0,35,0,176,123,0
10,12,27,14,61,2,54,155,0,14,0
18,16,16,9,58,2,34,119,31,31,0
13,16,22,9,54,0,42,0,191,25,0
16,9,21,15,64,0,45,140,4,0,0
16,6,20,13,66,0,46,139,6,10,0
16,10,18,15,66,0,86,124,0,7,0
2,11,16,0,47,0,32,13,115,22,0
16,10,19,14,66,0,54,164,0,15,0
7,12,23,13,63,7,219,112,0,5,0
11,15,28,10,55,0,51,154,0,11,0
9,15,23,13,61,4,257,102,0,16,0
13,9,18,11,58,0,32,0,183,16,0
14,16,21,14,63,2,64,151,0,16,0
9,6,16,10,59,0,262,176,0,14,0
14,13,25,16,64,0,48,153,6,13,0
5,5,13,7,45,0,26,0,117,135,0
15,16,17,15,63,9,121,170,0,17,0
14,16,30,10,54,0,37,0,151,144,0
15,17,18,12,59,4,103,145,0,18,0
16,15,20,15,61,0,37,21,140,16,0
11,13,22,14,62,7,246,109,0,0,0
3,7,23,13,59,2,256,112,0,18,0
16,14,22,16,53,1,41,135,2,14,0
15,10,18,12,57,0,33,14,144,9,0
14,11,20,13,61,0,145,143,1,14,0
13,16,19,6,54,0,36,0,185,16,0
13,15,23,11,55,0,48,102,18,16,0
7,14,27,11,54,0,46,110,16,16,0
10,13,26,6,51,0,35,0,177,37,0
15,15,28,14,58,0,48,139,0,6,0
3,14,27,9,57,1,48,144,0,16,0
12,5,13,4,58,0,32,3,142,7,0
16,3,12,6,51,0,31,0,166,120,0
16,16,20,13,64,0,35,0,194,18,0
7,13,24,20,54,0,164,176,0,14,0
17,11,18,12,62,0,35,0,199,21,0
7,1,16,9,48,0,272,172,208,77,0
6,9,9,0,51,3,28,16,165,11,0
2,9,16,13,311,195,310,125,0,0,0
0,0,6,0,47,0,16,0,183,261,0
3,12,11,10,205,185,264,0,0,5,0
12,5,14,5,54,0,43,126,178,26,0
9,0,15,2,48,0,38,127,0,0,0
3,12,11,0,50,0,135,142,0,13,0
1,3,16,8,53,0,186,152,193,187,0
1,2,9,0,42,0,32,0,127,49,0
7,0,13,1,57,0,46,138,0,1,0
5,7,20,3,51,0,270,144,191,213,0
2,0,5,2,41,0,20,0,208,272,0
6,8,19,2,47,0,32,35,129,5,0
5,6,13,0,45,0,33,103,33,0,0
4,7,14,7,307,197,207,0,0,9,0
0,0,3,0,37,0,50,140,208,301,0
0,0,13,6,44,0,17,0,130,11,0
1,2,15,0,46,0,37,117,5,1,0
2,3,16,11,304,198,308,133,0,0,0
0,0,11,0,41,0,21,0,240,275,0
3,7,10,2,242,193,304,145,0,0,0
2,1,13,5,44,0,26,0,141,182,0
0,0,13,17,290,162,308,87,0,0,0
0,0,16,0,102,135,192,0,0,7,0
6,1,12,5,178,144,111,110,171,3,0
2,4,16,2,48,0,272,144,187,217,0
1,0,0,0,42,0,17,0,196,148,0
0,0,7,0,43,0,18,0,231,286,0
3,7,10,3,171,171,304,147,130,8,0
6,9,26,2,48,0,34,105,21,10,0
0,0,5,0,42,0,272,145,180,288,0
1,3,17,13,304,193,203,0,0,6,0
0,3,15,6,48,0,247,164,202,237,0
10,4,14,12,113,161,320,153,144,13,0
0,4,8,0,37,0,22,0,235,261,0
0,1,6,0,41,0,35,131,238,298,0
11,1,13,9,258,190,320,154,0,0,0
9,9,7,16,207,176,238,0,0,205,0
0,0,16,1,177,159,135,0,0,3,0
5,0,16,0,48,38,45,69,160,10,0
7,1,14,16,302,191,288,41,0,0,0
1,0,3,0,41,0,16,0,251,253,0
0,0,0,0,29,0,14,0,118,116,0
6,10,11,1,48,0,35,176,0,5,0
0,1,4,0,39,0,16,0,231,268,0
0,0,11,7,50,0,155,131,0,0,0
6,10,25,12,51,0,50,157,0,10,0
9,12,23,2,51,0,30,0,247,11,0
6,6,9,1,46,0,31,1,138,11,0
22,16,18,11,64,0,48,203,0,16,0
14,15,29,16,64,3,92,164,0,16,0
14,30,18,15,61,16,35,0,186,43,0
6,6,16,7,49,0,29,1,155,5,0
19,15,19,17,50,0,41,0,123,156,0
8,14,16,7,55,2,196,129,0,7,0
15,6,16,7,54,0,43,144,0,5,0
16,17,22,15,64,4,84,173,0,13,0
4,3,16,0,48,0,24,7,110,4,0
5,7,23,14,54,0,224,151,0,15,0
14,16,32,16,54,0,42,1,183,21,0
2,3,18,14,61,0,255,103,0,7,0
8,11,37,6,51,2,41,0,210,35,0
11,12,16,5,54,0,78,151,0,0,0
11,15,29,16,56,0,58,166,0,16,0
16,7,19,16,51,0,154,178,0,13,0
7,5,18,11,50,0,25,0,176,16,0
7,11,29,10,102,176,271,0,0,1,0
10,4,18,11,58,0,235,112,0,8,0
7,13,16,7,48,0,29,0,165,11,0
10,6,15,2,53,0,42,128,193,48,0
0,0,13,3,47,0,35,112,15,3,0
10,1,14,13,267,183,305,0,0,2,0
11,4,16,8,55,0,255,144,174,208,0
13,3,16,6,48,0,26,16,112,6,0
0,5,16,0,47,0,39,102,23,0,0
4,9,16,4,49,0,244,144,185,211,0
2,7,21,3,48,0,43,0,182,54,0
12,6,17,15,190,192,257,0,0,4,0
5,0,11,0,48,0,16,0,128,0,0
5,9,28,7,49,0,50,192,0,11,0
7,10,16,5,48,0,34,0,162,13,0
10,9,21,4,48,0,32,12,128,13,0
19,10,17,21,329,208,113,0,0,14,0
8,12,17,11,52,0,176,129,0,14,0
5,11,19,15,213,201,178,0,0,5,0
5,9,18,9,48,0,35,9,141,15,0
17,6,17,10,126,176,187,0,0,3,0
9,12,21,7,52,0,135,128,0,11,0
6,7,28,5,60,0,223,150,0,14,0
11,6,17,16,112,172,270,0,0,4,0
0,0,0,2,31,0,107,215,0,0,0
2,6,22,9,48,0,109,190,0,17,0
7,11,13,3,48,0,32,125,0,1,0
16,16,16,15,68,1,217,112,0,16,0
13,0,2,1,48,22,48,2,185,13,0
27,37,50,64,319,179,64,23,189,89,0
4,0,0,0,48,0,28,215,0,0,0
7,17,12,16,292,192,42,0,123,161,0
7,12,14,3,49,0,48,141,0,0,0
17,15,34,47,394,211,68,16,181,68,0
17,16,34,18,62,29,278,127,0,17,0
1,0,15,1,39,0,25,0,128,0,0
10,14,29,34,293,192,64,4,180,17,0
48,47,50,48,96,31,94,176,28,46,0
17,17,30,21,63,6,215,112,1,21,0
9,9,16,2,52,0,240,151,0,1,0
15,0,6,0,51,0,49,186,0,9,0
17,18,23,18,76,0,64,144,3,16,0
11,3,13,3,48,0,39,147,0,1,0
39,33,45,34,96,17,111,151,17,33,0
16,9,16,15,51,0,67,150,16,48,0
0,0,0,0,25,0,6,0,160,177,0
7,0,10,3,51,0,29,112,1,3,0
0,0,0,0,28,0,16,110,167,224,0
38,37,42,32,80,17,64,151,23,35,0
3,9,25,3,51,0,117,147,90,211,0
6,1,9,1,47,0,30,113,231,254,0
41,42,50,47,86,29,69,31,221,83,0
27,31,46,29,69,16,90,148,13,33,0
25,34,48,67,304,197,72,64,149,38,0
2,4,16,0,48,0,27,107,0,0,0
21,8,28,27,102,18,54,48,192,107,0
12,13,29,11,57,0,38,17,149,19,0
23,32,36,224,146,12,38,5,187,37,0
57,67,61,48,208,91,336,165,21,45,0
6,11,10,0,48,0,39,154,0,0,0
26,32,32,23,71,16,48,130,23,25,0
55,44,58,55,144,176,291,102,43,65,0
33,43,29,25,69,23,320,171,10,23,0
0,3,21,0,51,0,123,154,178,221,0
0,0,1,0,28,0,112,125,69,188,0
15,16,21,13,55,6,267,137,0,16,0
39,26,38,30,123,187,308,14,16,39,0
51,63,97,238,123,55,82,33,243,85,0
17,25,26,17,67,3,38,1,170,64,0
38,48,38,51,166,80,289,105,29,35,0
17,17,32,16,64,4,49,112,12,18,0
33,38,47,48,95,29,304,183,29,33,0
15,0,0,0,137,122,106,0,0,0,0
0,0,0,0,46,0,23,178,0,0,0
30,32,44,27,69,16,57,16,213,37,0
28,22,34,32,161,187,163,5,10,29,0
0,0,0,0,23,0,2,0,158,77,0
26,19,33,25,117,165,306,10,2,23,0
16,17,21,14,61,0,89,143,0,13,0
10,11,16,9,51,0,66,174,2,17,0
8,13,25,13,270,164,297,48,0,3,0
16,4,15,25,306,164,37,1,144,90,0
6,10,19,4,48,0,57,167,3,16,0
2,7,24,16,144,165,51,43,157,5,0
37,47,176,37,79,5,42,15,0,15,1
0,1,175,217,51,0,4,0,0,0,1
0,0,254,43,43,0,16,0,0,0,1
55,114,126,107,78,9,28,12,0,2,1
0,0,207,118,47,0,15,0,0,0,1
0,0,134,202,60,0,19,0,0,0,1
113,147,148,43,63,0,25,0,7,0,1
0,6,160,201,58,0,26,0,0,2,1
48,135,163,47,66,16,36,5,2,7,1
0,0,107,11,26,0,0,0,0,0,1
11,6,310,13,45,0,19,0,0,0,1
1,0,254,28,37,0,13,0,0,0,1
22,31,289,34,75,16,43,4,16,16,1
38,48,165,57,69,16,45,19,0,16,1
10,6,291,49,49,0,21,0,0,0,1
29,33,245,131,75,8,52,1,3,33,1
31,26,272,88,67,12,48,16,1,19,1
125,139,144,32,51,9,18,0,0,0,1
1,4,221,53,48,0,6,0,0,0,1
20,29,336,61,71,15,47,4,16,21,1
221,203,44,32,65,11,42,0,13,15,1
17,19,332,27,64,9,45,0,2,22,1
176,253,46,23,70,17,48,1,9,32,1
222,234,46,29,64,8,48,12,2,20,1
200,237,64,25,73,5,48,12,0,21,1
48,173,291,27,66,18,45,3,12,17,1
180,212,91,23,72,1,47,4,6,14,1
146,115,407,93,112,64,79,55,80,76,1
19,215,32,5,53,0,28,0,0,13,1
22,62,306,23,64,10,58,0,2,21,1
33,196,243,19,61,10,39,0,0,16,1
267,306,186,31,82,5,48,14,3,32,1
169,192,289,21,57,0,33,0,0,5,1
47,201,242,18,64,6,46,0,0,25,1
140,241,145,25,71,4,45,2,11,16,1
30,18,41,234,355,237,55,2,3,16,1
29,46,348,27,145,38,63,16,6,28,1
234,272,341,30,66,16,48,1,10,31,1
45,41,327,80,71,9,58,18,10,32,1
26,27,320,44,66,19,48,2,15,19,1
10,19,276,250,368,208,50,0,0,11,1
26,26,304,48,117,26,53,5,5,31,1
33,33,341,97,70,16,54,14,9,31,1
171,203,336,31,70,21,48,2,12,33,1
176,238,319,26,74,10,47,11,0,18,1
60,51,331,66,71,10,59,3,13,35,1
22,55,309,6,42,0,13,0,0,0,1
21,27,308,30,70,16,45,1,6,22,1
23,32,294,29,74,8,43,0,3,12,1
27,33,289,27,68,15,42,0,13,16,1
29,46,295,35,64,9,48,0,4,18,1
16,102,105,17,63,14,39,0,9,9,1
25,32,311,211,74,6,55,0,6,29,1
11,16,256,108,51,0,24,0,0,0,1
27,220,50,17,54,1,46,0,0,16,1
0,192,38,1,47,0,21,0,0,2,1
3,16,317,15,59,0,28,0,0,0,1
101,135,115,48,91,58,58,32,30,57,1
100,80,112,79,77,16,43,34,7,23,1
7,48,178,5,51,2,27,0,0,6,1
73,50,101,68,65,19,48,23,6,22,1
9,7,299,16,50,0,26,0,0,0,1
80,64,257,129,96,39,80,48,38,63,1
77,58,282,80,112,32,77,34,53,48,1
231,224,334,53,93,44,66,31,39,44,1
221,198,336,75,83,33,77,33,29,51,1
19,144,98,22,61,0,33,0,0,1,1
0,1,231,191,51,0,16,0,0,0,1
49,48,147,187,96,27,70,16,25,43,1
47,45,231,176,94,28,72,41,17,42,1
45,39,320,79,96,41,62,21,29,32,1
239,271,333,49,87,19,63,28,19,38,1
14,6,299,7,48,0,30,0,0,7,1
68,47,108,247,105,27,65,33,22,46,1
58,41,336,19,52,0,25,0,0,0,1
73,141,91,80,109,48,81,51,29,48,1
58,70,223,133,101,26,64,26,36,39,1
15,20,346,23,67,0,43,2,0,16,1
115,250,355,229,59,0,35,0,0,16,1
99,113,91,80,92,57,82,75,53,60,1
115,110,122,125,432,304,144,108,85,112,1
94,144,74,62,112,38,73,52,32,50,1
173,161,175,176,472,256,190,144,134,154,1
146,126,80,87,102,59,105,55,61,80,1
153,158,166,181,451,277,199,129,132,150,1
147,186,103,97,115,69,110,77,64,80,1
127,112,128,134,411,137,145,105,107,111,1
157,299,103,86,145,76,112,74,81,85,1
118,186,164,116,141,90,128,105,80,95,1
93,87,197,263,137,80,106,67,79,94,1
42,46,102,50,71,31,41,25,32,23,1
26,37,110,48,62,16,48,2,10,20,1
19,22,320,36,65,16,42,3,12,11,1
27,23,313,28,70,5,43,7,0,10,1
37,46,314,48,86,19,52,16,7,22,1
208,176,301,256,63,0,29,0,0,7,1
208,247,341,264,54,0,33,0,0,8,1
35,48,324,101,80,10,48,4,20,16,1
208,241,38,21,64,5,48,16,4,25,1
28,45,128,214,91,87,79,25,20,45,1
58,48,256,109,87,35,80,26,31,49,1
29,39,166,158,80,31,54,15,28,26,1
11,8,145,234,64,0,37,0,0,16,1
44,29,125,90,59,10,34,17,1,12,1
10,16,306,16,58,10,32,0,8,12,1
16,80,132,17,62,10,59,0,5,40,1
29,34,201,29,63,0,48,11,1,18,1
34,45,115,211,90,16,60,23,16,42,1
33,46,299,44,80,15,49,16,16,27,1
11,8,112,11,47,0,9,0,0,0,1
33,34,313,42,77,16,48,6,14,30,1
38,26,289,49,80,10,49,11,2,19,1
27,38,260,51,80,18,48,12,15,17,1
25,32,126,22,58,16,29,2,9,35,1
46,48,226,159,96,34,74,32,29,43,1
14,13,316,36,42,0,40,0,0,13,1
19,230,34,61,80,17,47,0,0,17,1
15,10,314,16,47,0,27,0,0,7,1
4,11,339,10,51,0,23,0,0,16,1
6,109,61,6,49,0,27,0,0,0,1
0,2,129,154,54,0,17,0,0,0,1
33,39,325,51,79,21,48,14,14,16,1
130,79,313,67,91,30,62,19,26,53,1
0,4,103,0,20,0,10,0,0,0,1
6,0,261,194,57,0,25,0,0,0,1
99,80,304,57,90,35,73,18,23,50,1
235,302,240,41,85,20,64,33,16,43,1
13,5,274,16,48,0,26,0,0,0,1
241,294,356,48,80,41,146,48,42,59,1
189,211,263,6,49,0,22,0,0,0,1
7,16,272,7,49,0,33,0,0,3,1
66,101,57,36,80,23,67,14,19,41,1
236,240,308,23,51,0,45,0,0,7,1
207,285,89,47,93,27,62,28,14,37,1
5,15,206,5,48,0,16,0,0,0,1
246,284,170,42,73,16,63,7,12,33,1
34,51,320,16,51,0,23,0,0,2,1
233,302,157,35,86,16,52,21,10,26,1
16,16,242,22,64,0,22,0,0,0,1
215,295,78,33,81,16,48,13,16,17,1
169,183,320,17,57,29,38,16,0,10,1
203,240,199,47,74,14,55,10,7,29,1
0,13,159,1,41,0,7,0,0,0,1
32,48,259,48,99,35,51,18,17,18,1
35,50,240,51,64,14,51,2,0,22,1
38,25,195,208,77,16,58,9,16,26,1
135,201,53,22,76,5,48,13,1,26,1
30,238,55,26,61,15,61,1,11,25,1
16,60,313,96,66,0,37,3,0,13,1
14,17,286,256,128,16,12,0,0,7,1
6,176,267,213,80,0,14,0,0,6,1
230,130,40,23,57,0,48,2,0,63,1
16,28,310,243,80,13,35,0,0,12,1
183,110,29,16,49,0,26,0,0,0,1
30,227,331,256,78,2,44,1,0,16,1
131,141,60,28,76,1,36,6,0,16,1
13,19,273,218,363,194,48,0,0,11,1
38,233,285,44,67,0,38,0,3,15,1
126,237,68,16,61,0,42,0,0,16,1
16,69,323,234,78,11,39,0,2,14,1
1,111,44,22,69,44,47,0,0,0,1
38,183,230,207,316,165,49,0,0,0,1
48,32,276,270,367,237,109,15,16,46,1
192,236,154,187,90,4,36,0,0,6,1
191,225,119,95,59,0,48,0,0,16,1
58,240,167,33,74,4,48,11,0,16,1
14,70,327,208,317,226,112,4,0,25,1
27,19,207,257,362,149,57,10,11,18,1
30,221,327,276,266,111,74,17,23,32,1
22,11,111,51,128,75,34,4,1,1,1
29,80,311,50,64,13,57,7,16,18,1
29,40,334,208,82,15,48,13,1,19,1
30,26,322,77,80,22,48,4,15,17,1
20,40,101,29,49,0,28,0,0,16,1
37,174,210,204,267,144,26,0,60,18,1
31,127,63,121,85,16,42,13,0,13,1
32,131,39,20,66,2,70,17,14,19,1
10,146,111,10,55,0,37,0,0,14,1
16,31,267,224,326,192,41,0,0,9,1
48,159,31,20,73,0,42,5,0,13,1
109,127,21,12,51,0,43,0,0,12,1
23,70,174,29,58,0,27,0,0,2,1
10,160,271,222,304,105,19,0,0,0,1
23,34,254,231,357,210,48,0,14,20,1
16,2,115,35,57,0,27,0,0,14,1
157,183,31,15,105,0,22,0,0,9,1
2,11,173,175,285,170,27,0,0,0,1
30,167,52,17,61,0,30,0,0,1,1
32,267,65,30,74,47,61,21,27,27,1
14,131,109,10,51,0,34,0,0,5,1
11,16,21,144,337,219,59,1,0,11,1
34,125,37,21,58,17,27,2,9,1,1
16,25,272,217,77,0,43,9,0,16,1
25,37,287,32,80,101,79,17,16,38,1
29,39,290,34,71,22,51,10,16,22,1
32,160,77,28,76,0,48,0,7,32,1
47,73,128,30,50,3,41,0,0,16,1
36,188,69,44,80,0,45,3,0,7,1
205,230,310,53,77,16,44,16,3,16,1
17,187,48,11,56,0,32,0,4,0,1
62,108,359,27,120,38,77,16,0,15,1
18,1,237,224,212,16,30,0,0,4,1
17,38,285,110,141,20,42,0,0,14,1
15,13,29,108,292,120,37,0,0,0,1
128,205,32,8,55,2,31,0,0,16,1
11,129,0,0,16,0,0,0,0,0,1
6,10,254,227,317,161,33,0,0,2,1
10,15,57,232,307,198,39,0,0,12,1
31,39,388,80,81,37,51,13,28,23,1
46,41,268,47,91,16,52,16,27,22,1
98,114,350,64,101,52,62,35,25,56,1
62,206,57,52,73,16,60,29,11,25,1
107,143,35,3,45,0,20,0,0,0,1
41,39,291,164,74,0,39,0,0,10,1
195,171,274,16,63,0,35,0,0,7,1
92,101,84,13,31,0,11,0,0,0,1
16,26,298,165,64,6,48,10,0,16,1
97,103,80,3,32,0,14,0,0,0,1
54,209,40,23,67,6,39,0,7,10,1
139,162,235,28,51,0,20,0,0,0,1
7,53,113,23,34,0,0,0,0,0,1
26,194,48,29,55,6,35,0,0,1,1
11,16,340,31,55,5,25,0,0,6,1
50,67,345,31,73,1,42,0,5,27,1
9,15,330,141,64,2,42,61,9,19,1
16,11,287,182,48,0,34,0,0,5,1
31,196,28,11,59,0,111,10,0,14,1
147,177,173,2,37,0,3,0,0,0,1
22,129,16,1,48,0,16,0,0,0,1
43,57,242,48,79,16,65,32,16,42,1
305,293,134,5,48,0,16,0,0,0,1
142,165,181,16,50,0,16,0,34,15,1
48,278,45,29,70,25,47,6,15,37,1
63,225,60,28,67,22,39,0,11,14,1
191,235,267,22,67,0,41,2,16,21,1
202,206,277,240,74,0,44,4,0,17,1
21,33,182,64,55,3,43,0,0,14,1
34,39,138,276,97,24,61,29,9,25,1
48,212,77,55,80,25,87,0,25,46,1
49,134,158,43,48,0,23,0,0,5,1
46,50,101,134,79,39,64,23,19,38,1
80,64,361,112,115,48,112,42,50,87,1
42,50,193,47,80,33,64,21,16,39,1
25,176,306,129,73,3,33,0,0,3,1
246,325,371,116,102,48,96,49,46,71,1
47,80,154,35,75,16,46,2,6,24,1
112,119,187,44,62,0,32,0,0,2,1
277,336,398,141,90,31,74,13,14,37,1
43,138,222,49,55,2,21,0,0,0,1
118,125,117,133,72,10,17,0,0,0,1
94,132,160,112,50,0,21,0,0,0,1
18,30,311,35,76,22,48,6,16,48,1
139,166,37,23,65,7,49,0,0,16,1
26,33,327,43,82,30,71,13,11,32,1
94,66,335,84,74,13,53,2,0,29,1
77,201,171,34,65,10,61,3,3,22,1
20,30,56,233,346,115,49,15,21,26,1
209,225,336,203,69,11,52,16,5,36,1
185,82,272,256,80,7,51,3,1,25,1
167,186,49,25,69,19,66,15,16,45,1
14,27,97,147,217,144,25,0,0,7,1
29,48,320,287,371,177,43,7,27,30,1
144,165,161,26,60,1,28,0,0,0,1
187,205,315,76,62,0,26,0,0,0,1
34,46,126,251,92,18,70,4,10,32,1
141,185,74,19,67,14,44,1,5,19,1
131,146,137,336,428,167,150,111,109,123,1
204,202,315,74,64,4,48,0,0,22,1
192,102,246,32,69,3,49,3,5,26,1
6,16,297,29,54,0,38,0,0,8,1
111,118,122,41,47,0,22,0,0,0,1
22,113,218,41,67,3,48,0,0,15,1
30,112,81,39,80,11,45,9,5,13,1
38,67,312,96,96,20,65,13,20,44,1
192,138,36,107,91,35,48,9,10,19,1
287,313,422,206,111,49,111,48,50,81,1
48,36,195,147,105,22,60,30,13,32,1
20,16,144,228,66,1,48,0,0,13,1
16,18,298,119,67,2,35,0,0,11,1
50,64,290,31,62,0,35,0,0,7,1
194,235,113,15,62,0,32,0,0,1,1
137,218,325,30,77,16,43,0,0,6,1
30,31,335,112,68,42,62,12,10,25,1
156,201,39,75,242,39,46,0,0,51,1
40,68,191,34,60,3,27,0,0,6,1
29,22,201,215,75,10,49,0,2,21,1
18,31,135,18,60,12,43,5,11,15,1
32,81,111,101,86,20,61,6,10,22,1
26,111,166,22,80,4,42,5,5,15,1
29,23,304,85,64,0,31,7,0,2,1
16,28,128,89,68,11,30,1,0,0,1
32,38,210,31,62,14,32,0,11,6,1
44,128,99,16,55,14,28,0,1,1,1
43,198,48,23,70,0,41,4,0,11,1
16,18,256,176,73,6,38,0,46,21,1
205,234,144,20,65,0,36,0,0,7,1
52,38,49,112,393,234,66,37,16,43,1
203,223,77,27,62,0,41,0,0,11,1
170,208,286,16,48,0,31,0,0,0,1
213,254,304,70,86,31,55,31,17,32,1
9,10,158,57,43,0,15,0,0,0,1
38,30,167,265,89,9,57,13,21,20,1
194,217,27,14,50,0,33,0,0,1,1
5,7,122,83,48,0,29,0,0,0,1
67,143,288,16,67,0,32,0,0,6,1
182,208,39,15,59,0,28,0,0,0,1
178,224,37,3,52,0,29,0,0,0,1
87,70,387,199,93,32,70,37,48,45,1
341,339,419,102,143,66,112,89,73,96,1
65,227,74,41,86,31,59,16,17,64,1
53,38,288,162,64,19,57,6,13,31,1
125,261,71,69,84,41,91,31,37,66,1
35,48,309,27,61,4,64,1,0,16,1
213,226,170,26,61,0,41,0,0,12,1
51,43,48,112,368,197,74,35,16,31,1
154,175,41,18,60,0,34,0,2,10,1
121,129,145,12,54,0,16,0,0,0,1
89,107,365,106,138,67,113,75,60,82,1
6,7,171,128,50,0,20,0,0,0,1
62,283,257,261,118,32,79,55,30,58,1
46,159,384,267,106,49,69,34,49,39,1
1,1,231,45,42,0,21,0,0,0,1
43,65,367,292,118,21,66,31,18,45,1
74,86,357,143,108,46,87,53,22,53,1
144,167,64,64,208,145,71,31,42,0,1
155,168,457,153,192,144,157,129,136,132,1
150,289,356,222,54,0,33,0,0,0,1
183,128,84,75,246,206,182,70,62,80,1
91,102,80,83,227,145,112,74,46,16,1
166,329,460,185,208,146,193,154,139,149,1
126,129,400,169,169,114,166,110,113,145,1
89,277,370,220,111,46,90,43,47,69,1
80,275,114,303,144,50,95,63,43,61,1
78,333,112,304,115,71,78,48,64,59,1
128,325,442,144,182,123,172,106,110,129,1
173,222,293,10,53,0,32,0,0,0,1
51,136,372,174,99,45,81,50,32,53,1
16,17,161,10,23,0,0,0,0,0,1
6,4,343,5,43,0,16,0,0,0,1
203,352,145,275,122,48,81,55,62,61,1
71,86,117,138,133,81,80,53,64,52,1
268,371,257,325,138,80,119,49,55,89,1
0,0,240,0,34,0,6,0,0,0,1
245,299,384,280,112,48,97,64,42,62,1
43,62,159,0,31,0,0,0,0,0,1
65,80,111,81,97,33,64,48,52,17,1
47,55,115,80,78,38,63,27,30,64,1
320,323,368,107,116,64,112,48,48,80,1
282,301,95,65,83,33,79,45,34,66,1
51,37,130,127,80,28,75,18,25,53,1
195,220,357,48,93,35,91,28,39,62,1
165,183,357,63,96,51,61,32,54,43,1
67,64,357,244,112,45,95,41,45,75,1
246,240,166,288,115,63,94,57,62,93,1
198,357,112,283,118,38,67,43,39,48,1
90,247,28,20,336,135,30,0,0,6,1
91,98,111,101,253,249,142,94,81,101,1
112,140,144,109,64,22,58,14,16,39,1
0,4,275,39,48,0,25,0,0,0,1
22,39,144,103,75,24,29,10,20,6,1
2,1,226,17,45,0,23,0,0,0,1
16,20,302,16,45,0,35,0,0,3,1
77,127,62,134,106,29,50,32,11,24,1
128,123,143,130,251,298,286,117,111,133,1
66,94,128,0,32,0,10,0,0,0,1
192,129,39,228,352,171,37,0,0,0,1
33,217,330,250,80,0,48,0,0,6,1
10,38,225,14,51,0,39,0,0,13,1
2,16,269,37,54,0,27,0,0,1,1
101,141,234,174,62,0,17,0,0,0,1
31,62,105,51,58,12,23,0,0,3,1
243,306,367,0,44,0,16,0,0,0,1
80,76,85,112,200,116,85,55,54,54,1
208,195,206,207,538,373,238,197,177,194,1
5,7,131,205,54,0,22,0,0,0,1
16,15,319,272,141,12,47,0,0,14,1
272,193,382,105,114,64,99,49,58,96,1
256,315,274,176,199,168,186,165,165,173,1
190,223,321,267,104,48,67,37,48,51,1
1,7,246,210,61,0,22,0,0,0,1
102,128,90,138,92,16,41,11,17,13,1
188,218,78,278,144,37,80,48,26,57,1
53,139,48,122,130,32,34,11,10,33,1
71,223,96,283,130,40,77,48,48,59,1
128,313,398,304,132,72,92,61,71,70,1
103,157,240,30,61,16,33,3,3,2,1
241,75,326,282,100,38,89,30,42,74,1
89,96,112,76,62,17,23,0,0,0,1
48,132,103,144,91,31,68,14,16,45,1
78,235,337,16,59,0,33,0,0,4,1
83,267,349,145,50,0,33,0,0,2,1
63,103,112,16,30,0,0,0,0,0,1
16,111,22,26,160,16,15,0,0,0,1
208,240,334,223,54,0,22,0,0,0,1
93,112,129,13,21,0,3,0,0,0,1
96,240,203,11,46,0,21,0,0,0,1
29,214,21,14,55,0,25,0,0,0,1
141,288,39,258,69,0,23,0,0,2,1
16,11,321,266,281,21,41,0,0,1,1
29,240,53,261,71,0,35,0,0,10,1
16,199,250,257,61,0,23,0,0,11,1
70,110,114,1,26,0,0,0,0,0,1
17,240,282,215,58,0,22,0,0,0,1
21,218,338,121,96,13,53,0,0,15,1
91,278,99,81,137,64,103,80,64,87,1
16,178,320,20,55,0,32,0,0,3,1
12,237,93,252,63,6,26,76,12,16,1
27,217,293,7,47,0,31,0,0,6,1
11,29,284,197,53,0,27,0,0,0,1
2,7,231,165,48,0,13,0,0,0,1
5,10,254,234,65,0,19,0,0,5,1
7,16,339,201,59,0,17,0,0,0,1
16,11,287,47,50,0,25,0,0,0,1
6,13,181,225,58,0,21,0,0,5,1
10,129,168,91,209,39,16,0,0,0,1
70,240,16,0,44,0,26,0,0,0,1
169,141,21,0,47,0,32,0,0,7,1
0,16,142,110,89,0,6,0,0,0,1
10,67,245,182,69,0,16,0,0,0,1
0,10,172,137,51,0,3,0,0,0,1
2,0,106,118,51,0,2,0,0,0,1
13,182,181,15,54,0,17,0,0,0,1
0,16,339,252,67,0,26,0,0,7,1
8,6,282,233,52,0,22,0,0,0,1
5,95,292,251,295,46,37,0,0,0,1
14,225,280,5,53,0,16,0,0,0,1
31,194,266,19,66,0,52,22,0,16,1
113,214,294,186,69,0,38,0,0,11,1
165,308,363,240,70,0,18,0,0,1,1
203,336,366,277,110,4,29,0,0,0,1
209,311,74,198,313,32,21,0,0,12,1
287,128,19,246,60,0,25,0,0,6,1
227,259,17,253,80,0,18,0,0,0,1
0,0,0,0,69,0,0,0,0,0,2
0,0,0,16,226,0,0,0,0,0,2
0,0,0,0,30,0,1,0,0,165,2
0,0,0,48,169,0,1,0,0,0,2
0,0,0,16,192,0,3,0,0,0,2
0,0,0,0,245,79,10,0,0,0,2
0,0,0,0,54,109,19,0,0,0,2
0,0,0,22,112,0,0,0,0,0,2
0,0,4,0,27,0,5,0,0,0,2
0,0,0,0,62,0,0,0,0,0,2
0,0,0,0,27,0,9,0,0,0,2
0,0,0,0,241,42,4,0,0,0,2
0,0,0,9,263,3,8,0,0,0,2
0,0,0,0,16,0,0,0,0,53,2
0,0,0,0,253,35,13,0,0,0,2
0,0,6,2,310,179,27,0,0,0,2
0,0,3,5,304,145,23,0,0,0,2
0,0,0,0,27,0,4,4,0,0,2
0,0,0,0,186,175,25,0,0,0,2
0,0,0,0,34,6,17,0,0,0,2
0,0,0,0,143,157,51,0,0,0,2
0,0,1,0,76,144,33,0,0,0,2
0,0,11,0,175,185,23,0,0,0,2
0,0,7,0,117,152,29,0,0,0,2
0,0,1,0,152,148,18,0,0,0,2
0,0,2,0,43,0,18,0,112,192,2
0,0,0,0,7,0,0,0,0,26,2
0,0,0,0,71,126,32,0,0,0,2
0,0,0,0,33,0,17,0,0,204,2
0,0,0,0,87,47,0,0,0,0,2
0,0,8,0,77,143,290,130,0,0,2
0,0,0,0,14,0,0,0,0,0,2
0,0,0,0,165,158,29,0,0,0,2
0,0,0,0,11,0,0,0,0,16,2
0,0,6,0,228,182,31,0,0,0,2
0,0,9,0,33,0,10,0,0,48,2
0,0,0,0,237,144,17,0,0,0,2
5,0,6,0,35,0,22,0,133,176,2
0,0,0,0,44,9,0,0,0,0,2
0,0,5,0,114,169,71,0,0,3,2
0,1,6,0,74,132,41,0,0,0,2
0,0,0,0,23,0,5,0,0,0,2
2,0,5,0,79,149,29,0,0,0,2
0,0,12,0,35,0,16,0,0,0,2
0,0,0,0,45,65,18,0,0,0,2
0,0,15,0,46,0,31,59,180,13,2
0,0,0,0,10,0,0,0,2,0,2
0,0,5,0,105,157,34,0,0,0,2
0,0,7,0,300,144,18,0,0,0,2
0,1,12,1,48,7,29,13,188,30,2
0,0,0,0,56,32,34,18,6,0,2
0,1,3,0,126,159,299,112,0,0,2
0,1,9,0,309,166,19,0,0,0,2
0,0,16,0,40,0,17,0,0,14,2
0,0,0,0,70,1,0,0,0,0,2
0,2,5,9,300,175,256,33,0,0,2
0,0,0,0,11,0,0,0,0,13,2
0,0,5,2,311,182,32,0,0,0,2
0,0,5,0,46,0,13,0,0,0,2
0,0,0,0,94,50,34,0,0,0,2
0,0,5,0,223,161,304,150,93,0,2
0,1,9,4,262,167,309,166,178,16,2
0,5,18,45,166,119,50,38,199,13,2
0,0,0,0,32,0,7,0,0,0,2
4,0,10,7,297,187,43,0,0,1,2
0,0,0,0,23,0,0,0,0,0,2
0,0,4,0,282,196,26,0,0,0,2
0,0,10,0,38,0,16,0,0,0,2
0,0,0,0,176,100,38,0,0,0,2
7,0,13,1,49,0,26,0,35,249,2
0,0,0,0,37,7,11,6,0,0,2
0,6,8,1,284,197,34,0,0,0,2
5,1,15,1,42,0,29,0,0,14,2
0,0,0,0,71,31,0,0,0,0,2
1,6,16,7,196,176,315,136,0,0,2
0,2,4,0,48,0,18,0,0,103,2
0,0,0,0,89,32,0,0,0,0,2
0,2,16,0,118,135,76,82,176,0,2
0,0,5,0,272,170,29,0,0,0,2
6,0,10,1,40,0,34,0,18,248,2
0,0,11,0,316,192,29,0,0,0,2
0,2,16,0,38,0,30,0,0,247,2
0,0,9,0,86,160,34,0,0,0,2
0,0,12,0,38,0,17,0,0,0,2
0,0,0,0,50,16,30,0,0,0,2
3,0,6,1,105,144,295,167,35,0,2
0,0,0,0,19,0,0,0,0,0,2
0,0,13,0,65,116,59,0,0,0,2
2,0,16,0,42,0,21,0,0,0,2
0,2,6,0,115,156,213,21,0,0,2
0,0,0,0,28,0,7,0,0,0,2
0,0,0,0,109,139,29,0,0,0,2
2,6,7,0,47,0,20,0,0,0,2
0,0,5,1,150,159,303,145,6,0,2
0,0,0,0,28,0,7,0,0,0,2
0,0,6,0,279,181,25,0,0,0,2
4,0,10,5,47,0,28,0,55,245,2
0,0,3,10,281,23,16,0,0,0,2
0,0,13,0,39,0,17,0,0,0,2
0,0,0,0,39,10,30,0,0,0,2
0,1,3,0,158,145,304,156,65,0,2
0,0,0,2,270,119,16,0,0,0,2
0,0,6,0,35,0,21,0,0,137,2
0,0,0,0,29,0,16,0,0,0,2
0,1,4,0,291,164,25,0,0,0,2
0,0,0,0,27,0,6,0,0,0,2
0,0,0,0,300,173,27,0,0,0,2
0,0,6,0,37,0,16,0,0,230,2
0,0,6,0,295,183,23,0,0,0,2
0,0,7,0,44,0,15,0,0,0,2
0,0,0,0,112,73,0,0,0,0,2
0,0,10,0,67,63,30,50,176,0,2
0,0,6,15,294,122,22,0,0,0,2
0,0,3,0,43,0,16,0,0,0,2
0,0,0,0,77,27,44,0,0,0,2
0,0,9,0,213,138,64,64,182,0,2
0,0,0,0,96,8,0,0,0,0,2
0,0,10,0,43,0,17,0,0,204,2
0,0,4,11,273,34,17,0,0,0,2
0,0,0,0,23,0,0,0,0,0,2
0,0,0,11,31,0,0,0,0,0,2
0,0,9,0,47,0,16,0,173,93,2
0,0,19,172,48,0,17,0,0,0,2
0,0,4,0,38,0,11,0,0,0,2
0,0,0,19,14,0,0,0,0,0,2
0,0,1,12,273,15,23,21,0,0,2
0,0,0,0,13,0,0,0,0,0,2
0,0,59,163,38,0,16,0,0,1,2
0,0,0,0,37,0,16,0,0,0,2
0,0,0,8,15,0,0,0,0,0,2
0,0,1,118,95,0,17,0,0,0,2
0,0,0,0,13,0,0,0,0,0,2
0,0,19,197,48,0,19,0,0,0,2
0,0,0,0,43,0,16,0,0,0,2
0,0,0,14,20,0,18,0,0,0,2
0,0,3,12,277,12,19,11,0,0,2
0,0,0,0,15,0,0,0,0,0,2
0,3,11,191,49,0,14,0,0,0,2
0,0,0,0,37,0,17,0,0,0,2
0,0,0,6,43,0,29,0,0,0,2
0,0,3,18,244,15,17,0,0,0,2
0,0,0,0,29,0,4,0,0,0,2
0,0,4,144,69,0,6,0,0,0,2
0,0,10,0,37,0,16,0,0,0,2
0,0,0,0,64,27,0,0,0,15,2
0,0,6,21,219,15,266,152,134,0,2
0,0,6,0,35,0,19,0,0,0,2
0,0,0,48,43,0,0,0,0,0,2
0,0,4,1,304,183,298,144,177,13,2
0,0,1,48,170,0,16,0,0,0,2
0,0,0,0,41,0,16,0,0,10,2
0,0,1,7,271,32,25,0,13,1,2
0,0,0,3,12,0,0,0,0,0,2
0,0,5,66,132,0,16,0,0,0,2
0,0,0,48,58,0,0,0,0,0,2
0,0,1,0,34,0,16,0,0,0,2
0,0,0,0,41,0,8,0,0,0,2
0,0,2,0,169,162,281,149,176,4,2
0,0,0,0,279,21,14,0,0,0,2
0,2,3,0,35,0,13,0,0,9,2
0,0,0,0,259,174,81,32,0,0,2
0,0,0,0,16,0,0,0,0,0,2
0,0,0,10,260,14,16,0,0,0,2
0,0,4,0,32,0,14,0,0,30,2
0,0,0,0,67,16,27,0,0,0,2
0,0,0,0,141,154,270,144,161,3,2
0,0,0,1,260,33,11,0,0,0,2
0,0,0,0,26,0,11,0,0,0,2
0,0,0,111,32,0,0,0,0,0,2
0,0,0,0,205,114,16,0,0,205,2
0,0,0,0,99,57,42,21,48,17,2
0,0,0,12,233,9,98,47,0,0,2
0,0,13,145,33,0,6,0,0,0,2
0,0,0,26,15,0,0,0,0,0,2
0,0,0,0,272,159,37,0,110,208,2
0,0,1,183,50,0,14,0,0,0,2
0,0,0,123,57,0,15,0,0,0,2
0,0,11,182,255,142,288,174,210,0,2
0,0,187,0,16,0,4,0,0,0,2
0,0,0,0,21,0,0,0,0,0,2
0,0,131,0,15,0,0,0,0,0,2
0,0,3,175,294,167,276,161,173,0,2
0,0,0,0,72,34,0,2,26,3,2
0,0,0,73,112,0,12,0,0,0,2
0,0,0,0,21,0,7,0,0,195,2
0,0,0,0,181,144,96,46,0,0,2
0,0,0,0,6,0,0,0,0,0,2
0,0,0,1,240,0,11,0,0,0,2
0,0,0,0,19,0,4,0,0,0,2
0,0,0,111,43,0,1,0,0,0,2
0,0,0,0,272,159,242,112,130,0,2
0,0,0,0,256,78,11,0,0,0,2
0,0,0,0,252,16,10,0,0,0,2
0,0,0,0,67,119,279,187,143,0,2
0,0,0,0,59,128,30,0,0,0,2
0,0,0,0,49,48,2,0,0,0,2
0,0,10,0,265,182,247,0,0,0,2
0,1,17,0,48,6,272,0,0,0,2
1,0,0,0,23,0,2,27,2,0,2
0,0,0,0,31,0,120,34,0,0,2
0,3,19,3,295,202,139,0,0,6,2
0,3,17,0,45,0,254,33,0,0,2
0,0,0,0,16,0,0,0,7,79,2
0,0,0,0,38,0,27,146,173,272,2
0,3,3,0,44,0,17,6,139,0,2
0,0,0,0,19,0,47,0,0,0,2
2,9,32,66,74,16,307,139,0,16,2
0,0,0,0,16,0,0,0,29,3,2
2,7,15,0,46,0,256,58,0,86,2
0,0,0,0,44,0,16,0,75,5,2
0,0,0,0,29,0,48,47,0,0,2
5,0,9,0,42,0,38,226,0,0,2
0,1,17,0,53,0,289,75,0,0,2
0,0,0,46,45,0,107,22,0,0,2
0,3,21,0,81,154,331,0,0,0,2
2,0,2,4,33,0,48,190,67,173,2
32,0,6,7,36,0,22,0,144,110,2
0,0,0,0,48,0,170,62,0,0,2
15,4,16,10,64,55,339,65,0,0,2
9,16,0,0,79,12,29,0,15,83,2
0,0,4,15,47,0,59,129,182,246,2
3,1,7,7,32,0,30,0,124,44,2
0,3,18,1,49,7,46,171,35,34,2
0,0,0,0,34,0,7,18,51,0,2
3,14,11,4,55,0,315,182,0,5,2
7,13,19,4,38,0,34,0,45,45,2
5,13,16,5,48,0,69,191,0,2,2
0,0,12,13,48,0,239,84,0,1,2
0,0,0,0,16,0,10,0,80,0,2
13,14,22,1,65,0,302,81,0,15,2
0,1,23,3,64,15,335,242,0,0,2
0,8,0,0,52,0,23,4,238,0,2
0,0,0,0,22,0,14,81,48,106,2
0,0,0,0,16,0,0,0,46,0,2
0,0,0,0,17,0,10,48,0,0,2
0,0,0,0,32,0,12,0,79,52,2
0,0,0,0,22,0,25,8,240,316,2
0,0,0,0,6,0,0,0,1,0,2
4,9,27,1,54,0,242,86,0,2,2
15,11,0,0,26,0,1,0,37,0,2
18,6,16,18,55,0,55,126,93,5,2
3,0,0,0,35,0,17,54,16,32,2
0,0,2,0,49,0,18,3,226,2,2
1,16,6,1,52,86,64,176,294,336,2
0,0,0,0,17,0,20,0,13,48,2
16,25,35,25,64,10,75,242,62,122,2
0,0,3,11,27,0,23,15,30,1,2
29,13,25,25,48,4,107,266,0,13,2
6,0,3,10,61,0,29,34,0,0,2
48,25,39,47,63,16,74,18,237,35,2
46,35,48,58,70,26,90,208,187,240,2
56,30,33,46,53,21,55,48,21,64,2
42,48,71,45,93,41,92,271,53,46,2
16,16,20,22,42,0,42,4,48,51,2
31,37,51,45,86,75,400,17,21,47,2
47,45,26,26,67,6,44,57,2,23,2
33,19,26,30,69,16,269,237,9,37,2
14,13,18,19,45,9,83,58,16,22,2
19,32,9,9,54,0,23,54,1,4,2
49,26,44,48,67,17,77,35,330,387,2
13,6,10,8,45,0,19,21,7,0,2
27,34,53,33,90,58,344,55,32,25,2
7,0,0,3,31,0,22,10,0,7,2
14,18,32,17,81,37,327,206,13,11,2
18,1,7,6,55,0,24,29,117,144,2
14,15,28,0,39,9,16,7,47,13,2
35,13,30,19,57,16,43,15,62,71,2
20,3,15,18,43,0,31,30,29,14,2
10,24,46,13,60,10,335,27,0,22,2
3,6,9,11,48,0,23,26,12,0,2
0,0,7,0,32,0,31,34,41,16,2
14,29,15,11,73,0,48,26,130,176,2
0,6,0,0,48,0,11,1,13,16,2
38,48,31,26,61,10,301,256,9,22,2
3,0,155,53,47,1,26,17,0,0,2
0,9,27,0,48,13,25,0,217,78,2
1,0,0,0,22,0,16,0,71,96,2
9,5,8,15,24,0,20,0,0,16,2
23,6,14,23,51,6,46,20,298,346,2
0,0,0,0,19,0,0,0,0,19,2
5,12,14,7,75,70,76,268,10,33,2
0,0,0,0,13,0,0,0,21,0,2
3,7,16,0,42,2,16,0,76,221,2
0,0,0,0,26,0,0,0,66,80,2
0,0,1,95,50,0,9,0,0,37,2
7,0,0,0,28,0,37,0,0,7,2
0,0,0,0,7,0,0,0,0,16,2
0,8,1,121,80,6,46,207,81,89,2
0,0,0,0,7,0,39,0,0,0,2
0,8,0,0,36,0,27,33,180,1,2
0,0,0,0,25,0,4,48,21,23,2
15,25,0,10,58,0,14,5,0,32,2
24,27,42,16,72,26,61,289,14,27,2
7,5,18,0,34,6,13,0,26,16,2
20,11,22,31,56,6,50,10,297,22,2
0,13,0,0,46,0,64,9,0,0,2
10,0,1,5,27,0,6,0,0,0,2
2,6,27,3,73,95,64,0,0,2,2
0,0,0,0,16,0,0,0,0,0,2
0,0,15,0,192,147,131,139,183,2,2
0,0,0,0,15,0,0,0,0,0,2
0,0,0,0,47,0,16,0,0,48,2
0,0,0,0,67,5,0,0,0,0,2
0,0,0,0,13,0,1,0,0,0,2
0,0,0,0,52,48,102,0,0,38,2
0,0,0,0,16,0,0,0,0,0,2
0,0,0,0,59,18,22,0,131,143,2
0,0,0,80,62,0,16,0,0,0,2
0,0,0,0,12,0,4,0,0,0,2
0,0,0,0,227,62,10,0,0,0,2
0,0,0,0,10,0,0,0,0,80,2
17,23,49,24,320,203,304,84,14,16,2
0,0,0,0,2,0,0,0,0,0,2
4,16,14,4,52,5,20,0,0,1,2
0,2,0,65,50,0,2,0,0,0,2
0,0,0,0,7,0,0,0,0,0,2
14,32,32,193,83,0,45,5,0,14,2
2,0,0,0,16,0,10,0,0,0,2
5,10,12,49,186,10,30,0,0,6,2
0,0,0,0,17,0,3,0,0,0,2
4,0,15,1,256,211,52,0,2,213,2
0,0,0,3,10,0,0,0,0,0,2
0,3,0,0,43,0,6,0,0,0,2
10,16,183,50,48,0,29,0,0,7,2
0,0,0,0,0,0,0,0,0,0,2
8,3,17,189,67,0,32,0,0,16,2
0,0,0,0,0,0,0,0,0,0,2
10,0,15,27,318,192,207,18,142,303,2
0,0,10,16,30,0,26,0,0,0,2
1,13,13,7,60,0,25,0,0,0,2
0,7,176,11,48,0,18,0,0,0,2
1,5,0,0,31,0,7,0,0,0,2
41,41,38,240,83,7,48,7,3,16,2
7,0,0,0,21,0,0,0,0,0,2
3,9,33,35,335,211,111,22,185,213,2
1,4,19,44,84,29,71,32,21,0,2
6,11,36,14,52,0,32,0,0,3,2
2,3,11,105,62,0,19,1,97,41,2
23,13,39,45,336,181,58,16,17,256,2
16,3,29,79,51,6,44,0,0,4,2
10,15,27,9,47,0,28,0,0,0,2
22,10,16,33,253,23,48,13,0,19,2
0,0,2,1,26,0,16,0,0,30,2
12,15,23,14,265,208,317,185,186,16,2
0,0,10,0,35,0,8,0,0,7,2
17,19,21,13,64,11,39,0,1,15,2
4,7,31,51,139,30,42,14,0,5,2
13,16,25,3,46,0,26,85,18,19,2
22,26,31,84,234,27,57,14,0,22,2
0,1,13,0,32,0,30,0,0,29,2
16,30,34,225,380,239,337,208,220,26,2
12,6,16,51,113,42,80,36,17,0,2
16,28,26,16,74,6,35,0,9,12,2
3,17,2,8,74,125,53,0,0,10,2
16,23,16,7,48,10,16,0,0,6,2
36,43,32,29,330,227,58,2,16,17,2
17,13,29,29,61,19,50,0,30,259,2
16,25,46,31,334,181,55,10,20,18,2
19,33,27,26,279,204,345,215,247,23,2
1,3,7,15,80,23,46,42,16,1,2
20,16,34,16,58,0,29,0,0,6,2
27,16,29,183,70,2,50,0,2,26,2
3,8,0,0,41,48,32,0,0,5,2
16,20,26,205,80,16,43,3,10,39,2
26,16,31,33,326,190,64,17,112,351,2
15,26,27,17,79,0,38,1,0,7,2
19,4,34,179,62,2,54,0,0,16,2
11,16,38,240,72,14,39,0,6,16,2
7,15,21,6,62,3,30,0,0,10,2
0,0,6,16,138,48,58,22,17,0,2
16,7,17,16,48,0,32,0,0,10,2
2,3,13,10,94,156,50,0,0,16,2
11,3,6,5,46,0,17,0,0,1,2
21,26,28,19,80,7,266,160,16,16,2
2,0,0,0,48,0,51,15,0,0,2
18,21,27,19,80,0,42,0,26,258,2
9,14,9,3,59,0,19,0,0,4,2
17,22,43,16,67,21,304,9,16,21,2
15,7,9,48,61,11,23,0,5,48,2
26,18,32,26,81,27,69,95,238,32,2
19,13,21,31,51,0,42,11,7,18,2
21,10,16,21,64,6,304,14,0,20,2
31,31,28,19,81,6,315,243,113,21,2
3,10,0,0,39,0,10,0,0,1,2
25,30,20,21,71,0,64,16,73,375,2
0,1,15,0,43,3,77,26,1,0,2
17,20,33,21,78,61,322,175,33,16,2
0,0,10,0,29,0,8,0,7,25,2
16,23,24,16,62,3,39,0,2,228,2
10,13,26,17,100,182,66,0,0,21,2
0,0,0,0,27,0,7,0,0,1,2
16,17,32,16,74,21,55,29,304,22,2
0,0,11,0,48,40,58,5,0,0,2
19,12,23,16,62,0,37,0,0,15,2
5,0,7,11,143,135,44,0,0,7,2
4,0,0,0,43,0,11,0,0,0,2
16,17,28,18,336,225,76,0,0,22,2
0,3,0,0,32,0,9,0,31,11,2
13,14,33,15,57,1,38,0,157,233,2
16,16,29,31,328,217,61,0,0,13,2
0,0,0,0,26,0,14,0,7,19,2
17,16,29,18,62,0,38,0,20,274,2
21,15,33,29,342,224,235,24,7,16,2
3,3,0,0,34,0,9,1,21,21,2
15,14,20,15,71,0,39,0,0,194,2
0,0,13,2,107,129,38,0,0,0,2
20,16,25,15,283,200,315,212,176,17,2
11,0,2,2,30,0,21,5,22,19,2
16,14,18,12,64,0,35,2,0,12,2
13,17,34,16,64,10,38,0,3,20,2
59,71,69,60,110,47,82,47,41,60,2
60,64,80,58,105,48,83,38,44,54,2
51,64,80,58,108,45,80,44,38,59,2
70,59,70,62,110,46,80,48,39,59,2
63,62,71,64,101,48,86,36,39,65,2
59,64,69,59,103,48,86,39,85,67,2
58,65,77,64,102,48,86,38,39,60,2
64,59,70,59,107,50,79,37,40,61,2
61,58,70,63,101,46,86,42,39,59,2
58,62,77,55,107,55,80,39,45,57,2
58,63,80,58,103,48,90,37,39,66,2
61,67,69,58,104,51,85,39,41,65,2
57,62,74,64,98,46,87,46,37,61,2
62,64,71,64,107,46,81,48,39,58,2
69,61,73,63,110,53,80,38,43,65,2
62,66,77,59,105,51,94,80,48,64,2
61,66,74,57,105,48,85,47,38,60,2
65,71,72,111,116,52,94,39,40,64,2
66,65,70,60,103,48,83,44,46,68,2
61,68,73,57,102,48,90,48,37,58,2
59,64,75,66,112,46,80,39,43,64,2
59,64,79,64,102,47,81,48,38,61,2
62,70,67,59,105,54,82,42,41,64,2
7,193,130,17,235,176,29,0,0,0,3
0,0,16,0,39,0,16,0,0,0,3
26,221,23,3,97,160,45,0,0,0,3
2,11,22,5,48,0,29,0,0,5,3
144,22,15,15,267,161,29,0,0,0,3
3,7,17,0,48,0,18,0,0,2,3
16,84,41,10,141,69,11,0,0,0,3
14,11,251,243,306,66,31,0,0,4,3
190,58,16,6,208,181,38,0,0,9,3
0,2,4,0,48,0,17,0,0,0,3
14,6,16,12,304,181,32,0,0,0,3
13,16,15,3,48,0,30,0,0,10,3
50,11,0,0,91,52,11,0,0,0,3
6,16,238,203,143,48,36,0,0,3,3
0,0,0,0,25,0,2,0,0,0,3
188,150,18,15,305,80,29,0,0,0,3
0,1,16,0,50,0,18,0,0,0,3
0,0,6,33,246,15,23,0,0,0,3
0,1,13,5,45,0,17,0,0,0,3
0,0,0,5,126,21,7,0,0,0,3
7,10,19,0,47,0,33,0,0,1,3
0,0,48,39,55,0,0,0,0,0,3
201,53,16,13,326,191,32,0,0,0,3
0,0,2,0,35,0,4,0,0,0,3
46,9,19,14,323,205,38,0,0,11,3
0,0,0,0,29,0,2,0,0,0,3
155,215,27,10,207,195,37,0,0,0,3
0,0,0,0,23,0,0,0,0,0,3
47,240,45,15,301,197,38,0,0,0,3
1,0,0,0,18,0,5,0,0,0,3
16,221,166,64,334,183,36,0,0,1,3
0,0,0,0,29,0,0,0,0,0,3
14,227,185,63,322,195,37,0,0,2,3
0,0,3,0,32,0,7,0,0,0,3
11,13,304,271,367,195,49,0,0,3,3
0,1,31,39,67,0,5,0,0,0,3
0,11,317,261,349,190,38,0,0,0,3
0,0,16,21,55,0,7,0,0,0,3
16,16,280,249,303,159,50,0,0,13,3
0,7,30,30,62,0,6,0,0,0,3
10,53,322,272,346,196,49,0,0,8,3
0,17,60,47,76,16,2,0,0,0,3
7,16,270,239,267,138,34,0,0,3,3
49,66,19,10,117,50,4,0,0,0,3
5,16,158,198,175,73,19,0,0,1,3
2,38,49,43,86,21,2,0,0,0,3
15,41,309,266,335,159,32,0,0,5,3
0,0,4,11,31,0,4,0,0,0,3
12,211,277,177,297,185,37,0,0,0,3
0,0,0,0,18,0,0,0,0,0,3
18,220,289,193,299,192,48,0,0,8,3
0,0,0,0,26,0,0,0,0,0,3
47,237,50,35,333,197,45,0,0,16,3
0,0,0,0,18,0,0,0,0,0,3
21,226,69,39,330,202,47,0,0,13,3
0,0,0,0,26,0,0,0,0,0,3
28,226,95,54,331,176,37,3,0,14,3
0,0,1,11,33,0,3,0,0,0,3
13,207,282,199,297,192,35,0,0,4,3
0,0,12,16,48,0,0,0,0,0,3
137,230,27,16,289,52,44,0,0,5,3
0,0,2,0,28,0,0,0,0,0,3
192,122,16,17,325,187,43,0,0,10,3
0,0,7,14,32,0,1,0,0,0,3
75,240,32,34,256,11,22,0,0,2,3
0,0,21,23,47,6,7,0,0,0,3
12,97,317,260,294,140,41,0,0,8,3
0,0,19,23,54,0,2,0,0,0,3
179,159,22,20,291,33,36,0,0,8,3
0,0,0,0,28,0,0,0,0,0,3
193,20,25,16,307,49,29,0,0,5,3
0,0,0,0,21,0,0,0,0,0,3
144,218,26,19,313,92,36,0,0,0,3
0,0,16,16,48,0,0,0,0,0,3
16,118,308,250,294,165,34,0,0,14,3
0,0,0,0,19,0,2,0,0,0,3
17,195,304,212,295,166,39,0,0,2,3
3,21,23,18,50,0,0,0,0,0,3
16,21,300,250,291,83,48,0,0,11,3
0,22,31,17,50,0,0,0,0,0,3
7,26,305,255,321,170,46,0,0,5,3
15,37,19,14,43,0,2,0,0,0,3
6,81,311,247,298,53,27,0,0,5,3
16,30,15,0,54,6,3,0,0,0,3
16,14,135,191,122,41,28,0,0,14,3
29,13,0,0,58,0,2,0,0,0,3
12,12,19,10,61,0,29,0,0,11,3
0,0,0,14,39,0,0,0,0,0,3
5,16,240,189,64,0,23,0,0,2,3
32,0,0,34,28,0,0,0,0,0,3
4,14,21,24,74,3,22,0,0,0,3
16,29,16,16,51,0,2,0,0,0,3
6,16,20,38,64,0,22,0,0,11,3
1,17,29,25,45,0,0,0,0,0,3
5,16,272,239,282,32,27,0,0,1,3
0,25,27,22,62,0,0,0,0,0,3
16,15,290,253,301,64,29,0,0,4,3
0,10,37,34,47,0,7,0,0,0,3
12,85,309,244,271,16,27,0,0,0,3
0,0,17,18,30,0,0,0,0,0,3
75,223,33,16,274,23,23,0,0,0,3
0,0,0,0,16,0,0,0,0,0,3
95,213,23,192,83,0,27,0,0,0,3
0,0,0,0,19,0,0,0,0,0,3
80,219,27,16,294,21,27,0,0,0,3
0,0,16,17,19,0,0,0,0,0,3
187,38,21,222,63,0,30,0,0,0,3
0,0,0,0,16,0,0,0,0,0,3
11,217,217,75,289,48,31,0,0,0,3
0,0,5,6,31,0,0,0,0,0,3
5,18,283,244,235,21,29,0,0,0,3
7,13,7,11,28,0,0,0,0,0,3
9,9,16,2,59,0,25,0,0,9,3
15,3,0,5,48,0,0,0,0,0,3
3,10,17,0,51,0,23,0,0,5,3
22,26,13,6,47,0,0,0,0,0,3
3,16,17,22,62,0,25,0,0,2,3
0,5,41,32,29,0,0,0,0,0,3
15,15,237,243,106,0,34,0,1,10,3
0,5,29,21,31,0,0,0,0,0,3
5,18,327,240,263,21,28,0,0,4,3
0,0,10,11,16,0,0,0,0,0,3
6,10,18,107,67,0,20,0,0,0,3
0,0,28,16,19,0,0,0,0,0,3
3,10,22,176,263,29,30,0,0,16,3
0,0,0,9,16,0,2,0,0,0,3
16,19,310,256,325,65,36,0,0,13,3
0,0,0,0,17,0,0,0,0,0,3
6,42,304,65,335,186,38,0,0,6,3
0,0,0,0,21,0,0,0,0,0,3
16,234,17,32,273,16,26,0,0,0,3
0,0,0,0,18,0,0,0,0,0,3
22,197,81,44,319,71,47,13,0,15,3
0,0,0,0,17,0,0,0,0,0,3
42,207,53,36,334,61,45,1,7,11,3
5,0,0,0,19,0,6,0,0,0,3
24,208,63,27,331,209,51,0,0,20,3
0,0,0,0,26,0,21,0,0,0,3
11,199,54,14,334,207,35,0,0,0,3
0,2,0,0,29,0,0,0,0,0,3
102,198,33,14,228,174,55,0,0,5,3
9,0,11,2,54,0,19,0,0,0,3
150,14,10,8,64,87,206,0,0,0,3
17,10,16,11,47,0,27,0,0,4,3
141,39,5,36,66,70,165,0,0,0,3
0,0,11,7,41,0,21,0,0,0,3
64,80,10,22,42,16,66,0,0,0,3
15,5,18,11,48,0,31,0,0,0,3
0,18,73,1,80,54,33,0,0,0,3
16,23,35,29,170,32,44,0,0,16,3
0,7,44,22,65,0,7,0,0,0,3
29,108,249,91,273,36,48,16,17,28,3
14,11,32,30,51,6,13,0,0,0,3
23,16,314,68,242,208,131,0,0,19,3
1,0,0,0,18,0,3,0,0,0,3
2,115,77,3,251,178,82,0,0,0,3
0,0,0,0,16,0,0,0,0,0,3
0,10,301,21,50,12,247,0,0,0,3
0,0,0,0,19,0,0,0,0,0,3
0,128,76,0,41,0,63,112,0,0,3
0,0,5,0,41,0,16,0,0,0,3
0,162,39,0,47,0,211,0,0,0,3
0,8,14,0,48,16,30,0,0,4,3
23,90,1,0,26,0,75,0,0,0,3
14,4,16,1,49,0,16,0,0,5,3
0,0,48,3,59,29,33,0,0,0,3
1,10,12,0,47,0,18,0,0,5,3
0,0,23,30,25,2,25,0,0,0,3
2,0,13,36,304,163,33,0,0,0,3
0,0,0,8,73,4,5,0,0,0,3
17,25,106,269,268,233,213,3,11,10,3
0,0,7,18,35,0,12,0,0,0,3
16,218,35,10,54,0,208,131,0,13,3
4,10,0,0,47,0,5,0,0,0,3
23,172,29,3,59,0,33,113,0,0,3
20,19,29,19,77,0,41,0,4,6,3
20,91,3,0,50,46,67,0,0,0,3
29,45,38,197,193,42,59,5,4,28,3
0,0,21,36,79,16,11,0,0,0,3
10,18,64,251,332,208,129,14,2,16,3
0,0,0,0,19,0,0,0,0,0,3
178,112,14,5,64,28,258,31,0,10,3
0,0,0,0,22,0,0,0,0,0,3
181,16,13,4,48,0,256,0,0,0,3
8,4,15,0,53,0,19,0,0,0,3
95,180,18,0,43,0,107,110,0,0,3
16,9,21,14,50,0,36,0,0,16,3
52,82,2,0,35,9,91,0,0,0,3
33,23,41,32,80,16,38,4,9,26,3
0,36,16,0,64,19,14,0,0,0,3
12,12,18,13,67,1,46,6,2,13,3
0,0,2,35,71,10,16,0,0,0,3
16,10,221,257,336,98,37,0,0,6,3
0,0,0,0,26,0,0,0,0,0,3
13,42,233,14,84,128,278,0,0,16,3
0,1,0,0,23,0,0,0,0,0,3
30,207,22,7,57,0,144,137,0,1,3
18,16,30,58,81,1,42,0,0,5,3
6,109,34,0,38,0,112,48,0,0,3
15,6,18,16,52,0,37,0,0,0,3
57,93,17,0,44,16,80,0,0,0,3
2,9,29,192,72,1,22,0,0,0,3
0,0,70,20,94,25,3,0,0,0,3
8,5,240,263,354,212,51,0,0,0,3
6,0,0,2,33,0,0,0,0,0,3
0,12,293,13,215,190,272,0,0,4,3
0,0,4,0,23,0,0,0,0,0,3
66,222,15,1,57,0,285,79,0,3,3
3,2,11,0,36,0,5,0,0,0,3
26,219,51,18,64,16,63,151,11,10,3
37,48,37,37,90,10,48,15,1,16,3
101,30,23,7,48,29,111,16,0,0,3
29,27,35,26,61,7,41,0,1,23,3
11,50,23,5,65,34,62,4,0,0,3
17,33,32,223,208,27,41,3,3,15,3
0,0,19,45,53,0,9,0,0,0,3
16,20,263,22,87,157,292,67,12,22,3
0,0,55,12,48,0,6,0,0,0,3
31,205,28,14,48,0,285,77,0,1,3
0,4,23,1,48,0,29,0,0,0,3
71,180,25,2,55,23,144,128,0,1,3
9,16,17,9,54,0,24,0,0,0,3
85,27,5,0,44,0,77,17,0,0,3
16,16,21,11,48,0,29,0,0,16,3
65,46,16,0,44,10,80,0,0,0,3
17,21,39,17,68,1,37,0,5,17,3
0,11,72,13,89,51,49,16,0,0,3
16,11,49,258,316,50,45,0,0,14,3
2,3,35,48,50,1,13,0,0,0,3
23,215,22,16,295,207,188,13,0,13,3
0,0,5,0,32,0,2,0,0,0,3
16,214,17,5,57,0,247,133,0,3,3
0,4,16,7,48,0,33,0,0,6,3
113,173,15,2,60,0,58,117,0,2,3
7,2,18,9,48,0,29,0,0,3,3
96,58,9,0,39,0,112,54,0,0,3
4,16,16,1,49,0,23,0,0,15,3
58,31,2,0,33,20,63,0,0,0,3
8,6,25,132,53,0,32,0,0,5,3
1,16,15,0,54,17,23,0,0,0,3
14,7,17,43,58,0,41,0,0,16,3
1,0,48,16,80,19,18,0,17,0,3
9,14,305,29,363,214,69,0,0,0,3
0,0,0,5,29,0,0,0,0,0,3
0,19,239,13,309,192,240,0,0,10,3
0,0,0,0,19,0,0,0,0,0,3
16,211,23,2,50,8,293,82,0,0,3
0,0,0,0,24,0,0,0,0,0,3
115,0,12,0,50,46,253,0,0,1,3
0,6,16,0,51,0,20,0,0,0,3
70,47,2,0,35,18,82,0,0,0,3
0,3,16,0,43,0,16,0,0,0,3
0,22,6,0,30,0,26,0,0,0,3
0,2,7,0,47,0,20,0,0,0,3
0,37,33,1,99,64,6,0,0,0,3
6,1,14,9,46,0,33,0,0,4,3
0,31,21,14,69,0,0,0,0,0,3
5,111,304,195,288,21,23,0,0,0,3
0,0,0,0,18,0,0,0,0,0,3
143,224,27,5,334,183,28,0,0,7,3
0,0,0,0,25,0,6,0,0,0,3
0,13,16,13,302,36,21,0,0,1,3
0,0,13,0,45,0,18,0,0,0,3
0,0,0,6,243,43,13,0,0,0,3
19,3,6,13,32,0,21,0,0,0,3
23,16,42,208,64,11,34,0,0,0,3
11,21,5,4,34,0,11,0,0,0,3
17,24,47,17,63,16,33,2,15,3,3
144,511,510,437,551,330,152,98,112,142,3
142,130,144,126,397,291,151,96,98,119,3
123,122,129,130,495,271,158,85,109,128,3
114,125,154,123,497,317,150,79,107,139,3
93,91,122,90,135,119,103,58,77,95,3
85,65,110,75,400,239,86,34,48,66,3
108,123,129,111,367,338,140,64,89,117,3
257,178,96,73,109,61,75,48,58,54,3
92,99,117,109,475,205,131,63,79,112,3
208,357,121,85,128,84,112,51,70,96,3
62,64,77,78,208,102,81,52,48,64,3
94,98,138,126,411,128,128,64,94,129,3
320,141,128,80,131,80,106,48,80,82,3
98,98,99,206,130,85,94,49,67,73,3
106,119,123,112,498,176,128,77,78,123,3
110,123,232,192,217,159,93,70,85,80,3
134,111,277,286,178,91,134,74,95,133,3
256,340,144,121,159,94,124,70,90,128,3
99,103,115,165,144,83,111,82,80,88,3
121,112,150,374,207,94,138,87,110,118,3
333,159,117,98,158,77,116,64,82,107,3
91,93,297,166,149,65,110,64,62,81,3
119,126,464,381,432,112,165,67,79,118,3
92,106,152,219,292,186,113,69,94,82,3
117,112,413,181,173,103,142,78,92,135,3
336,187,130,114,161,80,135,77,80,121,3
106,122,380,114,161,79,112,62,74,97,3
100,112,191,386,422,106,157,66,92,122,3
95,105,256,226,226,112,98,57,65,80,3
99,128,144,370,175,87,128,80,109,118,3
122,343,126,100,170,86,119,53,80,113,3
100,76,80,207,147,65,80,42,48,66,3
89,105,135,144,525,343,123,61,80,82,3
109,251,256,93,154,89,122,50,71,94,3
127,185,432,99,159,82,112,55,65,112,3
107,174,389,111,142,84,111,54,76,97,3
78,80,80,84,264,151,80,48,54,79,3
93,93,138,374,207,86,128,62,90,92,3
342,167,144,143,172,83,128,81,112,99,3
112,321,254,82,149,68,125,75,76,96,3
350,217,144,112,197,96,142,90,117,124,3
117,107,252,106,143,71,89,67,80,80,3
128,136,432,119,161,99,144,70,99,141,3
336,140,129,93,176,78,139,74,98,112,3
108,139,131,353,163,78,133,80,96,105,3
157,356,467,389,176,112,160,95,111,162,3
106,109,150,112,341,267,151,79,95,113,3
119,129,135,116,215,332,160,92,123,153,3
132,294,262,197,336,269,117,74,96,119,3
128,110,169,368,202,111,142,106,115,126,3
358,171,188,171,181,144,198,122,144,194,3
174,176,187,272,226,168,186,157,150,170,3
268,285,311,503,334,276,320,272,260,301,3
278,429,342,261,311,215,240,208,221,259,3
262,303,564,288,316,262,311,239,262,291,3
400,346,371,354,411,343,363,319,341,393,3
334,331,355,437,368,318,357,275,302,325,3
312,336,631,574,363,331,327,279,307,348,3
406,511,463,389,372,335,343,320,302,321,3
315,499,547,321,369,316,346,329,296,354,3
325,237,304,342,387,323,372,323,339,397,3
284,281,430,317,323,261,272,248,273,266,3
308,352,653,422,414,278,351,270,279,336,3
327,397,368,326,367,276,306,290,296,321,3
274,285,525,357,367,270,317,257,272,318,3
282,257,272,254,313,240,279,229,259,306,3
239,256,533,272,283,209,249,208,229,227,3
395,411,249,233,257,182,256,187,217,235,3
256,239,338,314,279,235,240,209,228,240,3
256,240,606,303,309,226,272,228,213,256,3
439,385,280,268,299,227,275,236,227,251,3
224,320,336,144,193,126,138,98,112,139,3
169,387,176,154,173,112,147,106,111,151,3
134,146,252,240,234,146,143,129,112,133,3
176,189,219,432,243,176,230,149,176,193,3
433,412,286,258,326,238,289,233,238,258,3
407,438,355,229,254,193,222,191,176,200,3
226,378,397,221,259,195,273,179,195,256,3
234,221,347,306,253,196,227,205,183,208,3
262,302,576,249,287,224,273,229,226,264,3
378,220,227,195,229,192,224,181,183,190,3
322,233,192,177,208,147,181,144,166,155,3
430,213,213,215,254,176,249,182,208,221,3
283,314,258,239,275,240,231,210,218,237,3
485,498,291,278,342,246,284,226,253,279,3
368,272,278,240,318,257,309,226,240,273,3
404,348,290,277,322,260,288,262,263,286,3
464,297,227,222,278,208,261,180,201,234,3
208,240,278,185,224,176,212,157,162,190,3
177,217,206,441,253,181,192,144,171,204,3
353,375,213,190,241,162,210,163,170,172,3
419,480,229,173,242,153,203,145,144,162,3
400,187,192,134,232,144,176,123,148,181,3
154,158,265,144,176,131,137,109,117,130,3
171,159,475,341,217,143,166,112,143,181,3
198,277,149,117,161,103,121,90,96,118,3
155,299,526,156,202,123,147,106,108,116,3
159,126,161,127,170,97,151,82,97,128,3
83,98,230,129,144,80,87,50,66,80,3
109,168,446,317,166,79,127,58,76,112,3
73,112,200,136,156,74,80,46,32,55,3
69,107,147,122,413,99,122,42,55,89,3
103,102,121,103,144,65,115,77,80,110,3
93,98,106,356,164,80,117,49,73,109,3
256,369,146,111,167,79,181,75,96,138,3
106,116,141,222,139,92,119,64,80,85,3
130,147,289,334,245,124,180,113,141,188,3
261,119,134,125,172,133,140,87,102,127,3
110,91,175,304,163,93,131,80,96,112,3
311,269,131,109,154,101,111,65,88,128,3
126,130,147,240,170,116,144,110,94,114,3
69,80,133,327,144,62,99,37,115,102,3
124,199,80,64,80,39,77,31,38,59,3
91,159,439,84,145,42,80,34,45,79,3
239,287,94,66,102,29,97,30,55,97,3
78,69,235,138,122,63,109,38,48,64,3
160,157,191,421,208,137,171,112,144,160,3
109,163,183,98,115,68,108,77,81,80,3
226,322,320,96,128,59,101,43,60,86,3
298,125,111,80,119,54,118,48,77,80,3
197,183,95,55,99,42,64,39,48,55,3
87,304,122,49,108,48,103,34,46,78,3
79,77,95,205,128,55,71,39,45,80,3
77,92,176,336,165,73,117,44,64,98,3
285,256,177,128,197,141,161,139,112,141,3
349,367,158,147,192,98,144,110,106,144,3
382,195,210,176,239,144,179,127,143,176,3
104,110,177,277,175,110,137,80,103,116,3
225,330,435,208,286,160,240,156,199,244,3
194,220,336,318,297,225,198,165,188,170,3
176,202,183,427,230,176,229,176,161,192,3
251,183,210,197,238,158,222,157,166,197,3
163,176,214,307,305,178,225,118,161,177,3
135,77,97,67,128,44,98,44,49,90,3
238,225,259,229,249,186,235,167,182,211,3
208,192,212,208,233,171,221,159,177,205,3
322,315,294,304,338,266,299,250,291,291,3
244,235,271,238,274,224,288,198,244,256,3
288,272,313,271,304,261,262,202,249,266,3
282,269,310,278,298,256,306,274,267,279,3
240,234,260,266,270,213,267,221,223,250,3
295,229,254,270,309,208,258,214,214,240,3
269,267,271,275,307,261,265,209,244,272,3
272,256,285,283,304,233,285,228,273,256,3
273,211,239,240,295,177,239,186,192,214,3
289,222,255,272,284,223,272,214,251,234,3
240,230,240,240,275,221,238,176,208,235,3
289,234,251,267,302,240,254,196,225,247,3
251,198,223,233,255,194,249,159,189,210,3
241,183,209,224,260,162,218,169,208,198,3
198,189,225,230,257,170,221,172,176,195,3
214,218,205,213,240,189,199,144,181,202,3
244,239,213,234,267,180,215,169,220,194,3
203,205,198,193,239,155,207,151,207,199,3
231,192,203,208,240,176,211,138,174,197,3
186,172,199,199,218,154,215,163,160,176,3
224,192,193,203,240,189,206,151,187,226,3
217,206,238,231,240,177,224,186,178,194,3
223,208,235,239,240,176,234,185,190,208,3
211,192,210,221,251,163,209,177,177,199,3
247,219,228,247,292,189,240,199,197,221,3
259,241,227,240,272,221,227,189,240,234,3
240,238,208,217,245,189,245,149,190,208,3
199,191,214,218,257,176,203,144,187,217,3
222,192,193,207,240,169,196,153,182,207,3
